"","user_lat","user_long","freq"
"1",-60.673,-45.626,1
"2",-54.5,-67,1
"3",-51.62261,-69.21813,1
"4",-49,-70,1
"5",-47.15,-126.71666,1
"6",-46.541,-71.72375,1
"7",-45.87416,170.50361,1
"8",-45.61667,168.45,1
"9",-45.40837,170.33009,2
"10",-43.5,171.5,1
"11",-42.9,-71.31667,4
"12",-42.87936,147.32941,1
"13",-42.7692,-65.03851,1
"14",-42,147,1
"15",-42,174,6
"16",-41.8707,-73.81622,2
"17",-40,-67,1
"18",-38.95161,-68.0591,3
"19",-38.73965,-72.59842,3
"20",-38.7196,-62.27243,1
"21",-38.65,178,3
"22",-38.00228,-57.55754,5
"23",-37.83333,145,1
"24",-37.814,144.96332,32
"25",-37.46973,-72.35366,1
"26",-37.29415,175.58022,1
"27",-37,145,1
"28",-36.86667,174.76667,3
"29",-36.85,174.78333,1
"30",-36.82699,-73.04977,4
"31",-36.77698,-59.85854,1
"32",-36.61667,-64.28333,1
"33",-36,-60,102
"34",-35.61667,138.15833,2
"35",-35.4323,-60.17271,1
"36",-35.4264,-71.65542,1
"37",-35.28346,149.12807,3
"38",-35.0211,138.59567,1
"39",-35,-57,1
"40",-34.98279,-71.23943,1
"41",-34.92866,138.59863,7
"42",-34.92654,138.57033,1
"43",-34.92145,-57.95453,13
"44",-34.8735,-57.88303,1
"45",-34.86186,-57.91126,1
"46",-34.83346,-56.16735,15
"47",-34.82722,-58.39556,3
"48",-34.82721,-58.39504,1
"49",-34.76895,-58.64714,4
"50",-34.66583,-58.72828,2
"51",-34.66484,-58.53196,1
"52",-34.66018,-58.36744,2
"53",-34.6551,-58.55318,2
"54",-34.65146,-59.43068,1
"55",-34.64966,-58.38341,1
"56",-34.64444,-56.28861,2
"57",-34.64286,-58.52386,1
"58",-34.63413,-58.44322,2
"59",-34.60502,-58.37607,2
"60",-34.59987,-58.56606,1
"61",-34.58333,-58.5,3
"62",-34.57028,-59.105,1
"63",-34.5627,-58.45829,1
"64",-34.5167,-58.5389,4
"65",-34.50316,-58.70596,1
"66",-34.42603,-58.57962,1
"67",-34.17083,-70.74444,1
"68",-34,-64,133
"69",-34,20,1
"70",-33.963,22.46173,1
"71",-33.93462,18.86676,1
"72",-33.92584,18.42322,22
"73",-33.91799,25.57007,4
"74",-33.89774,151.17943,1
"75",-33.86785,151.20732,48
"76",-33.81667,151,1
"77",-33.7958,151.041,1
"78",-33.56668,18.48335,2
"79",-33.45694,-70.64827,37
"80",-33.42,151.396,1
"81",-33.23333,-54.38333,1
"82",-33.1852,138.30228,1
"83",-33.13067,-64.34992,5
"84",-33.09231,-64.289,1
"85",-33.03932,-71.62725,2
"86",-33.02457,-71.55183,4
"87",-33.01529,27.91162,2
"88",-33,-56,25
"89",-33,146,3
"90",-32.94682,-60.63932,8
"91",-32.92715,151.77647,5
"92",-32.89084,-68.82717,9
"93",-32.88411,-62.67788,1
"94",-32.84358,-71.20824,1
"95",-32.83369,-70.59827,1
"96",-32.56066,-60.76046,2
"97",-32.36667,-54.18333,1
"98",-32.32139,-58.07556,1
"99",-32.30545,115.6907,1
"100",-32,-59,4
"101",-31.95224,115.8614,4
"102",-31.89756,26.87533,1
"103",-31.80089,-51.76198,1
"104",-31.77194,-52.3425,2
"105",-31.73197,-60.5238,2
"106",-31.6789,-63.87964,2
"107",-31.67315,29.03327,1
"108",-31.63333,-60.7,2
"109",-31.58893,28.78443,1
"110",-31.5667,-58.525,3
"111",-31.55,-68.55,3
"112",-31.5375,-68.53639,1
"113",-31.4135,-64.18105,11
"114",-31.38333,-57.96667,1
"115",-30.60106,-71.19901,1
"116",-30.57643,29.88401,1
"117",-30.03306,-51.23,5
"118",-30,-71,84
"119",-30,-54,26
"120",-29.94444,-50.99194,3
"121",-29.91778,-51.18361,1
"122",-29.90453,-71.24894,1
"123",-29.86139,-51.17917,1
"124",-29.8579,31.0292,4
"125",-29.83333,-51.15,1
"126",-29.75472,-57.08833,1
"127",-29.68417,-53.80694,1
"128",-29.61678,30.39278,1
"129",-29.5,22,1
"130",-29.44806,-51.80639,2
"131",-29.41105,-66.85067,2
"132",-29.31667,27.48333,1
"133",-29.26145,-50.0107,3
"134",-29.225,-51.34778,1
"135",-29.15627,26.35116,3
"136",-29.14003,-59.26256,2
"137",-29.02006,16.73707,2
"138",-29,24,21
"139",-28.78301,32.03768,1
"140",-28.28389,-52.78639,1
"141",-28.26278,-52.40667,1
"142",-28.24,-48.67028,1
"143",-28.00029,153.43088,1
"144",-27.98644,26.70661,1
"145",-27.91828,153.33275,1
"146",-27.79511,-64.26149,12
"147",-27.59667,-48.54917,5
"148",-27.4806,-58.8341,2
"149",-27.46794,153.02809,5
"150",-27.45587,153.04696,1
"151",-27.4,-70.3,1
"152",-27.37708,-52.29009,1
"153",-27.36708,-55.89608,1
"154",-27.23107,-52.30975,1
"155",-27.2077,-54.97977,1
"156",-27.09806,-48.9175,1
"157",-27.09639,-52.61833,1
"158",-27.05694,-49.51778,1
"159",-27,-50,12
"160",-27,133,2
"161",-26.9833,28.2,1
"162",-26.93139,-48.95889,1
"163",-26.91944,-49.06611,1
"164",-26.89889,-48.65417,1
"165",-26.85213,26.66672,4
"166",-26.82414,-65.2226,5
"167",-26.81427,-54.34387,3
"168",-26.80077,-60.84215,1
"169",-26.67313,27.92615,1
"170",-26.66667,-57.91667,1
"171",-26.5,153,1
"172",-26.30444,-48.84556,1
"173",-26.26781,27.85849,1
"174",-26.21197,28.25958,1
"175",-26.20227,28.04363,24
"176",-26.17753,-58.17814,3
"177",-26.17673,27.96353,1
"178",-26.1625,27.8725,5
"179",-26.14201,27.7979,1
"180",-26.1333,-59.6,2
"181",-26.10859,28.2377,1
"182",-26.08333,28.25,1
"183",-25.98953,28.12843,1
"184",-25.96553,32.58322,1
"185",-25.88492,25.67792,2
"186",-25.74973,28.24314,1
"187",-25.74486,28.18783,4
"188",-25.7425,28.2326,3
"189",-25.66466,-49.30426,2
"190",-25.54778,-54.58806,1
"191",-25.44472,-49.1925,1
"192",-25.43169,-52.98265,1
"193",-25.42778,-49.27306,17
"194",-25.4166667,-49.25,2
"195",-25.30066,-57.63591,11
"196",-25.21306,-50.97778,1
"197",-25.095,-50.16194,1
"198",-25,25.75,1
"199",-25,122,2
"200",-25,135,24
"201",-24.95583,-53.45528,1
"202",-24.7859,-65.41166,13
"203",-24.4875,-47.84361,1
"204",-24.19456,-65.29712,1
"205",-24.1833,29.0167,2
"206",-24.0651,-53.88444,1
"207",-24.04556,-52.38306,2
"208",-24.00583,-46.40278,1
"209",-24,-51,8
"210",-23.99306,-46.25639,3
"211",-23.96306,-46.39194,2
"212",-23.96083,-46.33361,1
"213",-23.90448,29.46885,2
"214",-23.895,-46.42528,1
"215",-23.7917,132.6818,1
"216",-23.77806,-45.35806,2
"217",-23.69389,-46.565,2
"218",-23.66778,-46.46139,1
"219",-23.66389,-46.53833,5
"220",-23.65639,-47.2225,1
"221",-23.65236,-70.3954,3
"222",-23.64889,-46.85222,1
"223",-23.62028,-45.41306,1
"224",-23.60444,32.96806,3
"225",-23.60389,-46.91917,1
"226",-23.5475,-46.63611,128
"227",-23.5325,-46.79167,1
"228",-23.5225,-46.83556,1
"229",-23.50167,-47.45806,3
"230",-23.4933,-61.9267,34
"231",-23.46278,-46.53333,4
"232",-23.31028,-51.16278,3
"233",-23.30528,-45.96583,1
"234",-23.26667,-55.53333,1
"235",-23.26417,-47.29917,2
"236",-23.18639,-46.88417,1
"237",-23.17944,-45.88694,4
"238",-23.16056,-49.96944,1
"239",-23.09028,-47.21806,1
"240",-23.0276,-44.3322,3
"241",-23.00667,-44.31806,1
"242",-23,-58,1
"243",-22.99333,-57.99639,14
"244",-22.92389,-45.46167,1
"245",-22.92008,-43.33069,17
"246",-22.92,-42.51028,1
"247",-22.90556,-47.06083,8
"248",-22.90278,-43.2075,151
"249",-22.89861,-43.86389,1
"250",-22.88333,-43.10361,2
"251",-22.87944,-42.01861,1
"252",-22.87789,-43.48501,1
"253",-22.87278,-42.34306,1
"254",-22.83298,-43.29767,2
"255",-22.82327,-43.39668,2
"256",-22.8075,-43.41389,1
"257",-22.80389,-43.37222,1
"258",-22.78556,-43.31167,2
"259",-22.76417,-43.39944,1
"260",-22.75917,-43.45111,1
"261",-22.75361,-47.41361,1
"262",-22.74444,-42.85944,1
"263",-22.70556,-46.98583,1
"264",-22.59861,-48.80028,3
"265",-22.55941,17.08323,1
"266",-22.52694,-41.945,2
"267",-22.505,-43.17861,1
"268",-22.45591,-68.93015,2
"269",-22.45389,-43.46889,1
"270",-22.44963,-46.18632,2
"271",-22.42556,-45.45278,2
"272",-22.37222,-46.94222,1
"273",-22.35694,-47.38417,1
"274",-22.31472,-49.06056,1
"275",-22.28194,-42.53111,1
"276",-22.25222,-45.70333,1
"277",-22.22111,-54.80556,1
"278",-22.21389,-49.94583,3
"279",-22.12556,-51.38889,1
"280",-22.05944,-46.97861,1
"281",-22.00611,-51.55306,1
"282",-22,-49,24
"283",-22,24,2
"284",-21.79444,-48.17556,4
"285",-21.76519,-49.2972,3
"286",-21.76417,-43.35028,1
"287",-21.76333,-52.11556,1
"288",-21.67861,-49.7425,2
"289",-21.57306,-51.21611,1
"290",-21.1775,-47.81028,3
"291",-21.1,55.6,1
"292",-21.02556,-47.37389,1
"293",-21.0189,-42.21833,1
"294",-21,-55,6
"295",-20.8667,55.4667,1
"296",-20.84684,-42.61968,1
"297",-20.47111,-55.78722,1
"298",-20.44278,-54.64639,1
"299",-20.39484,-43.50517,1
"300",-20.34583,-41.53583,2
"301",-20.32972,-40.2925,6
"302",-20.31944,-40.33778,4
"303",-20.3,57.58333,1
"304",-20.25806,-42.03361,1
"305",-20.22036,-70.13913,1
"306",-20.18417,-44.77111,1
"307",-20.15,28.58333,1
"308",-20.12861,-40.30778,1
"309",-20,47,2
"310",-20,145,2
"311",-19.9678,-158.119,1
"312",-19.93167,-44.05361,2
"313",-19.92083,-43.93778,19
"314",-19.82111,-44.76722,2
"315",-19.78333,-66.41667,2
"316",-19.7625,-44.31389,1
"317",-19.7,63.43333,1
"318",-19.6715,-52.04393,1
"319",-19.46833,-42.53667,1
"320",-19.26639,146.8057,1
"321",-19.2,29.8,2
"322",-18.91861,-48.27722,2
"323",-18.4746,-70.29792,2
"324",-18.3635,-47.47,3
"325",-18.25,35,1
"326",-18.16583,-47.94639,1
"327",-18.00556,-70.24833,1
"328",-18,-44,26
"329",-17.82772,31.05337,5
"330",-17.78629,-63.18117,4
"331",-17,-65,6
"332",-16.735,-43.86167,2
"333",-16.73333,-40.33333,1
"334",-16.67861,-49.25389,14
"335",-16.44972,-39.06472,2
"336",-16.39889,-71.535,4
"337",-16.32667,-48.95278,1
"338",-16.21667,-69.45,1
"339",-15.8422,-70.0199,2
"340",-15.80406,-48.06283,1
"341",-15.77972,-47.92972,15
"342",-15.75,-47.75,1
"343",-15.58071,-49.63623,6
"344",-15.5,35,2
"345",-15.3175,-49.1175,2
"346",-15,30,1
"347",-14.86611,-40.83944,1
"348",-13.8575,-40.08361,1
"349",-13.84078,-47.00832,1
"350",-13.66667,167.66667,1
"351",-13.53167,-40.15028,2
"352",-13.09722,-72.03389,1
"353",-13.04098,-56.15577,1
"354",-13,-56,2
"355",-12.97111,-38.51083,29
"356",-12.95867,28.63659,4
"357",-12.6975,-38.32417,1
"358",-12.5,18.5,2
"359",-12.46113,130.84185,1
"360",-12.43333,-38.96667,2
"361",-12.26667,-38.96667,2
"362",-12.23333,-38.75,1
"363",-12.11646,-77.03454,2
"364",-12.04318,-77.02824,54
"365",-11.7526,-61.78967,1
"366",-10.91111,-37.07167,1
"367",-10.54284,15.71021,1
"368",-10.5,-48,2
"369",-10.5,-37.5,3
"370",-10.21278,-48.36028,2
"371",-10,-76,42
"372",-10,-55,288
"373",-9.71028,-35.895,2
"374",-9.66583,-35.73528,5
"375",-9.59722,-35.95667,1
"376",-9.46674,17.30993,1
"377",-9.41667,147.16667,1
"378",-9.39861,-40.50083,1
"379",-9.39679,-40.23381,2
"380",-9.26667,-64.65,1
"381",-9.167,-171.83,1
"382",-9.08528,-78.57833,2
"383",-9,-70,3
"384",-9,-36,2
"385",-8.76194,-63.90389,1
"386",-8.74,117.5333,5
"387",-8.5,115,1
"388",-8.48358,15.6379,1
"389",-8.36667,124.1,1
"390",-8.11861,-35.09222,1
"391",-8.05389,-34.88111,31
"392",-7.99194,-38.29833,1
"393",-7.94083,-34.87306,1
"394",-7.91167,-34.90278,2
"395",-7.78278,110.36083,1
"396",-7.66861,109.65361,1
"397",-7.55611,110.83167,2
"398",-7.51073,-63.02805,2
"399",-7.24917,112.75083,2
"400",-7.23417,-39.40944,2
"401",-7.23056,-35.88111,1
"402",-7.2024,107.8878,1
"403",-7.19111,-48.20722,2
"404",-7.12389,-35.42444,1
"405",-7.11667,-41.86667,1
"406",-7.115,-34.86306,8
"407",-7.05614,-76.5911,1
"408",-7,-43,2
"409",-6.90389,107.61861,4
"410",-6.8976,112.0649,1
"411",-6.88333,107.53667,1
"412",-6.82349,39.26951,8
"413",-6.7674,110.8541,3
"414",-6.75333,-38.96444,2
"415",-6.7063,108.557,6
"416",-6.7061,108.5318,1
"417",-6.66583,107.08389,2
"418",-6.60667,-39.06222,1
"419",-6.4075,-41.74556,1
"420",-6.3726,106.8275,1
"421",-6.30333,107.30556,1
"422",-6.2873,106.9806,1
"423",-6.26111,107.15278,1
"424",-6.24111,-42.85472,1
"425",-6.22686,15.93006,1
"426",-6.21462,106.84513,11
"427",-6.17806,106.63,1
"428",-6,35,5
"429",-5.795,-35.20944,8
"430",-5.75,-36,2
"431",-5.42544,105.25803,1
"432",-5.13423,-36.31854,1
"433",-5.11306,105.30667,1
"434",-5.08917,-42.80194,3
"435",-5,-63,2
"436",-5,120,37
"437",-4.90389,-80.68528,2
"438",-4.72337,-37.41335,1
"439",-4.5386,120.3279,1
"440",-4.51967,-46.37712,1
"441",-4.33194,-40.15667,1
"442",-4.20493,13.28608,1
"443",-3.74912,-73.25383,1
"444",-3.72816,-40.82027,2
"445",-3.71722,-38.54306,33
"446",-3.68611,-40.34972,2
"447",-3.36667,36.68333,1
"448",-3.12845,-58.15856,1
"449",-3.10194,-60.025,24
"450",-3.07583,37.35333,1
"451",-2.9164,16.6897,1
"452",-2.90472,-41.77667,1
"453",-2.84022,-41.82881,1
"454",-2.63199,-80.38808,1
"455",-2.62833,-56.73583,2
"456",-2.52972,-44.30278,7
"457",-2.22417,120.2124,1
"458",-2.18194,-79.89167,22
"459",-2.1666667,-79.9,1
"460",-2,-79.83333,2
"461",-2,-77.5,40
"462",-1.94995,30.05885,1
"463",-1.7372,142.85049,1
"464",-1.53333,13.26667,2
"465",-1.5,33.8,1
"466",-1.45583,-48.50444,8
"467",-1.28333,36.81667,17
"468",-1.24908,-78.61675,1
"469",-0.75,37,4
"470",-0.66667,-80.08333,2
"471",-0.61361,-47.35611,1
"472",-0.28945,-79.18577,1
"473",-0.22985,-78.52495,7
"474",0,0,9763
"475",0,110.5,1
"476",0.14164,29.29117,1
"477",0.3155556,32.5655556,4
"478",0.31628,32.58219,8
"479",0.48333,127.41667,2
"480",0.5,32,6
"481",0.53333,101.45,1
"482",1,-52,1
"483",1,7,1
"484",1,38,7
"485",1,114,4
"486",1.36667,103.8,26
"487",1.3667,103.8,2
"488",1.4655,103.7578,2
"489",1.55,110.33333,2
"490",1.6561,103.6032,1
"491",2,33,3
"492",2.18809,-76.83181,1
"493",2.43823,-76.61316,2
"494",2.5,112.5,27
"495",2.5,113.5,1
"496",2.52958,-62.0634,1
"497",2.6241,98.6212,2
"498",2.7373,31.88644,2
"499",2.80996,-60.67427,2
"500",2.81972,-60.67333,2
"501",2.9273,-75.28188,2
"502",3.02013,30.91105,1
"503",3.10726,101.60671,1
"504",3.1412,101.68653,6
"505",3.28728,20.82163,1
"506",3.35,101.25,7
"507",3.43722,-76.5225,8
"508",3.4833333,-60.0833333,2
"509",3.5321,103.4619,1
"510",3.53944,-76.30361,1
"511",3.75,-76.5,1
"512",3.7698,100.9879,2
"513",3.78111,-74.88861,1
"514",3.99886,-52.99994,1
"515",4,-72,85
"516",4.08466,-76.19536,2
"517",4.1748,73.50888,1
"518",4.25,-74.18333,10
"519",4.29866,-74.80468,1
"520",4.43889,-75.23222,2
"521",4.53389,-75.68111,2
"522",4.5841,101.0829,1
"523",4.6,-74.0833333,1
"524",4.60971,-74.08175,18
"525",4.81333,-75.69611,1
"526",5,-59,1
"527",5,103,1
"528",5.30966,-4.01266,1
"529",5.44783,-74.66311,1
"530",5.46667,11.11667,1
"531",5.5082,-0.3365,1
"532",5.51667,5.75,1
"533",5.55602,-0.1969,5
"534",5.65,-9.7,1
"535",5.71434,-72.93391,2
"536",5.75,0,4
"537",5.8626,115.9946,1
"538",6,12,1
"539",6.15154,-75.61658,1
"540",6.25,-9.33333,1
"541",6.25184,-75.56359,11
"542",6.36536,2.41833,2
"543",6.44632,3.47717,2
"544",6.45306,3.39583,8
"545",6.58333,3.75,1
"546",6.60084,0.4713,1
"547",6.61548,3.50867,1
"548",6.66667,2.25,1
"549",6.68848,-1.62443,1
"550",6.964,158.2058,1
"551",7,-75.5,1
"552",7,21,1
"553",7,81,2
"554",7.01667,16.33333,2
"555",7.01667,125.08333,1
"556",7.03333,125.08333,1
"557",7.06528,-73.85472,1
"558",7.06955,125.59845,2
"559",7.12539,-73.1198,8
"560",7.1881,21.09375,1
"561",7.25,2.16667,1
"562",7.38778,3.89639,3
"563",7.5048,125.8511,1
"564",7.53362,99.08647,1
"565",7.66667,5.25,1
"566",7.6833333,-69.1166667,3
"567",7.70131,-72.35569,1
"568",7.83333,-72.08333,1
"569",7.85,3.93333,1
"570",7.89391,-72.50782,2
"571",7.91667,-2.91667,1
"572",8,-66,73
"573",8,-5,1
"574",8,122.66667,1
"575",8,125,2
"576",8.1,-1.2,8
"577",8.11486,-72.25698,1
"578",8.12923,-63.54086,1
"579",8.16667,-80.63333,1
"580",8.23773,-73.35604,1
"581",8.29829,-62.72198,1
"582",8.4,-82.31667,2
"583",8.59524,-71.1434,1
"584",8.62261,-70.20749,1
"585",8.81667,48.83333,1
"586",8.9936,-79.51973,2
"587",9,-80,11
"588",9,-75,1
"589",9.06853,7.48375,3
"590",9.2,12.48333,1
"591",9.2349,-70.28756,1
"592",9.40107,-75.40058,1
"593",9.5,2.25,2
"594",9.525,123.6,2
"595",9.56667,122.6,1
"596",9.68626,-65.53555,1
"597",9.75,123,1
"598",9.76667,36.21667,1
"599",10,-84,12
"600",10,-72.16667,1
"601",10,6,1
"602",10,8,8
"603",10,76.5,4
"604",10.07389,-69.32278,3
"605",10.13333,-64.7,1
"606",10.16667,-69.83333,1
"607",10.18026,-67.9377,1
"608",10.21412,-61.44677,1
"609",10.24694,-67.59583,1
"610",10.3,123.9,2
"611",10.31672,123.89071,3
"612",10.36552,-72.46362,5
"613",10.39972,-75.51444,2
"614",10.444,124.9344,3
"615",10.4762,-66.54266,1
"616",10.48801,-66.87919,21
"617",10.5,-66.91667,1
"618",10.52224,7.43828,2
"619",10.63167,-71.64056,2
"620",10.69694,122.56444,4
"621",10.6971,-63.10964,1
"622",10.75,1.66667,1
"623",10.96854,-74.78132,2
"624",11,-69.83333,3
"625",11.24802,75.7804,1
"626",11.29842,122.05671,1
"627",11.4045,-69.67344,1
"628",11.56245,104.91601,2
"629",11.58528,122.75111,1
"630",11.65116,78.15867,1
"631",11.6667,92.7333,1
"632",11.6956,-70.19957,2
"633",11.88333,121.95,1
"634",12,11.5,2
"635",12.0813,42.39675,5
"636",12.11721,-68.91964,1
"637",12.13282,-86.2504,1
"638",12.28345,-85.51081,3
"639",12.36532,13.8293,2
"640",12.38293,103.00781,1
"641",12.53333,-7.95,1
"642",12.65,-8,1
"643",12.97194,77.59369,6
"644",13,-85,15
"645",13,-2,1
"646",13,122,70
"647",13.08784,80.27847,2
"648",13.16667,-59.53333,1
"649",13.17372,100.93111,1
"650",13.41667,0.58333,1
"651",13.5,76,5
"652",13.53333,-88.28333,3
"653",13.6291,46.126,1
"654",13.68935,-89.18718,6
"655",13.75398,100.50144,14
"656",13.7567,121.0584,2
"657",13.8333,-88.9167,5
"658",13.83333,-88.91667,9
"659",13.92746,15.6809,1
"660",14,-14,2
"661",14.0818,-87.20681,2
"662",14.1079,121.14136,1
"663",14.33888,15.22373,2
"664",14.3595,121.0473,2
"665",14.38694,120.88167,1
"666",14.41667,-88.43333,1
"667",14.5,120.98333,1
"668",14.5243,121.0792,1
"669",14.55027,121.03269,3
"670",14.56111,-90.73444,1
"671",14.58333,121,4
"672",14.58639,121.17528,1
"673",14.59455,120.97175,5
"674",14.6042,120.9822,19
"675",14.64072,-90.51327,2
"676",14.6481,121.1133,2
"677",14.6488,121.0509,3
"678",14.6937,-17.44406,1
"679",14.74495,121.64953,1
"680",14.75,120.45,1
"681",14.9533,120.77,6
"682",15,-86.5,7
"683",15,100,24
"684",15,121.08333,2
"685",15.06667,120.66667,1
"686",15.15,120.58333,1
"687",15.35472,44.20667,1
"688",15.38111,-12.35556,3
"689",15.48586,120.96648,1
"690",15.5,-90.25,32
"691",15.51784,78.34854,2
"692",15.6866,120.4128,1
"693",15.72778,-88.59444,1
"694",15.75971,-86.78221,2
"695",15.94469,-93.33788,2
"696",16,30,1
"697",16.01793,-16.48962,1
"698",16.06778,108.22083,1
"699",16.18798,-95.19952,1
"700",16.43603,-95.01975,2
"701",16.75469,-93.11485,1
"702",16.86336,-99.8901,3
"703",17.01,120.5456,6
"704",17.07108,-96.71914,6
"705",17.11667,-61.85,1
"706",17.2333,120.4833,1
"707",17.25,-88.75,1
"708",17.38405,78.45636,5
"709",17.50904,-91.98334,1
"710",17.61306,121.72694,1
"711",17.65384,-97.81077,1
"712",17.66667,-100,2
"713",17.95417,-94.78333,1
"714",17.98689,-92.93028,1
"715",17.99794,-94.63542,1
"716",18,-92.66667,10
"717",18,-2,1
"718",18.01913,-66.79184,1
"719",18.05246,-66.50656,1
"720",18.14212,-94.4371,1
"721",18.20107,-67.13962,1
"722",18.21667,-73.06667,1
"723",18.24306,109.505,1
"724",18.24829,-66.49989,20
"725",18.25,-77.5,7
"726",18.25,-66.5,3
"727",18.26857,-65.90878,1
"728",18.37245,-65.71655,1
"729",18.42745,-67.15407,2
"730",18.45883,-66.26767,1
"731",18.46148,-97.39282,1
"732",18.465901,-66.103568,1
"733",18.46633,-66.10572,1
"734",18.5,-64.5,1
"735",18.54326,-92.6453,2
"736",18.64973,-91.82471,4
"737",18.72543,-95.98666,1
"738",18.79038,98.98468,3
"739",18.80459,-98.94555,1
"740",18.86667,-98.43333,1
"741",18.93725,-103.96531,2
"742",18.94201,-99.22646,1
"743",19,-70.6667,1
"744",19,-70.66667,17
"745",19,-7.25,8
"746",19.03681,73.01582,1
"747",19.04334,-98.20193,15
"748",19.06406,-98.30352,1
"749",19.07283,72.88261,20
"750",19.16667,-104,1
"751",19.16667,-101.83333,1
"752",19.18074,-96.13405,1
"753",19.24341,-103.72767,2
"754",19.26169,-99.59844,1
"755",19.28786,-99.65324,5
"756",19.32076,-98.20959,1
"757",19.33212,-99.21118,1
"758",19.33333,-99.5,5
"759",19.3467,-99.16174,1
"760",19.3882,-99.16,1
"761",19.40061,-99.01483,1
"762",19.42847,-99.12766,33
"763",19.44506,-99.14612,1
"764",19.47851,-99.23963,1
"765",19.5,75,17
"766",19.58547,-99.26034,1
"767",19.61725,-99.06601,1
"768",19.64388,-99.21598,1
"769",19.66667,-88.5,3
"770",19.71371,-98.96858,2
"771",19.71667,-72.3,1
"772",19.79344,-70.6884,1
"773",19.83803,-90.5277,2
"774",19.98912,-102.28477,1
"775",20,77,38
"776",20.05858,-102.71575,1
"777",20.175,-100.175,1
"778",20.236567,-155.836735,1
"779",20.237312,-155.830552,8
"780",20.24232,-155.83323,4
"781",20.29028,-102.54565,1
"782",20.33333,-103.66667,8
"783",20.3878,-99.99605,1
"784",20.42002,-101.25374,1
"785",20.44655,-97.32495,1
"786",20.5,-99,2
"787",20.52353,-100.81566,1
"788",20.56147,-100.24478,1
"789",20.6,-100.38333,5
"790",20.62041,-105.23066,1
"791",20.66682,-103.39182,10
"792",20.6784,-101.34654,1
"793",20.68547,-105.29434,2
"794",20.72356,-103.38479,2
"795",20.75028,-156.50028,1
"796",20.76591,-156.44923,2
"797",20.9767,-89.62059,13
"798",21,-101,4
"799",21,-99.91667,3
"800",21.1098,-157.5311,2
"801",21.12131,-101.66801,7
"802",21.17429,-86.84656,2
"803",21.27028,40.41583,1
"804",21.3527,-157.96962,1
"805",21.42667,39.82611,2
"806",21.5008,-104.88936,3
"807",21.51694,39.21917,6
"808",22,-79.5,3
"809",22,98,2
"810",22.1154,106.54352,2
"811",22.14993,-100.9828,8
"812",22.20056,113.54611,1
"813",22.27817,-97.86772,2
"814",22.28552,114.15769,7
"815",22.2994,73.20812,1
"816",22.31326,114.22581,1
"817",22.39161,113.96792,1
"818",22.43103,69.89982,2
"819",22.45384,86.99497,1
"820",22.45847,-103.15119,1
"821",22.48333,-80.56667,1
"822",22.56263,88.36304,12
"823",22.71792,75.8333,1
"824",22.76843,-102.58141,1
"825",22.8725,-109.89916,1
"826",23,-102,214
"827",23,72,2
"828",23,93,1
"829",23.13302,-82.38304,1
"830",23.16444,-82.29944,2
"831",23.2329,-106.40616,4
"832",23.5667,89.8333,1
"833",23.61352,90.50298,1
"834",24,-98.75,2
"835",24,54,4
"836",24,88,3
"837",24,90,2
"838",24,121,8
"839",24.00644,89.2372,1
"840",24.02032,-104.65756,2
"841",24.1423,-110.31274,1
"842",24.40417,103.44278,1
"843",24.46667,54.36667,1
"844",24.49215,-12.65625,3
"845",24.68773,46.72185,7
"846",24.80737,-107.39734,5
"847",24.859832,-168.021815,3
"848",24.9056,67.0822,3
"849",25,-107.5,9
"850",25,45,10
"851",25.04776,121.53185,2
"852",25.05823,-77.34306,1
"853",25.09,-107.7167,1
"854",25.22231,55.17181,75
"855",25.25817,55.30472,6
"856",25.41942,-101.00128,5
"857",25.44789,-80.479224,2
"858",25.4975,51.48528,1
"859",25.558428,-80.458168,2
"860",25.575,89.4083,1
"861",25.60222,85.11936,3
"862",25.64724,-100.09582,1
"863",25.66667,-100,3
"864",25.67506,-100.31846,46
"865",25.67678,-100.25646,1
"866",25.73785,32.60787,1
"867",25.75976,-100.16287,1
"868",25.77427,-80.19366,13
"869",25.78953,55.9432,1
"870",25.79065,-80.13005,1
"871",25.790654,-80.130046,5
"872",25.79116,-108.99463,1
"873",25.812023,-80.239315,2
"874",25.81954,-80.35533,1
"875",25.853765,-80.178002,34
"876",25.908575,-80.265122,1
"877",25.98729,-98.09414,2
"878",26,50.5,1
"879",26,74,2
"880",26,93,1
"881",26.027261,-80.244711,1
"882",26.07681,-98.29748,3
"883",26.121323,-80.127909,2
"884",26.122037,-80.15347,1
"885",26.12231,-80.14338,1
"886",26.142036,-81.79481,1
"887",26.151416,-80.226211,1
"888",26.15186,-80.45589,3
"889",26.18617,91.75095,1
"890",26.18794,-98.039727,1
"891",26.2546,91.5444,1
"892",26.255523,-97.667502,1
"893",26.27944,50.20833,1
"894",26.33583,127.80139,1
"895",26.375954,-80.10717,2
"896",26.41532,-108.61832,1
"897",26.43442,50.10326,2
"898",26.4478,80.34627,1
"899",26.450369,-98.276935,1
"900",26.545,117.84278,1
"901",26.600995,-80.038113,1
"902",26.61092,-80.242787,1
"903",26.645895,-80.430269,3
"904",26.6495,-98.34557,5
"905",26.715844,-80.070249,4
"906",26.83928,80.92313,1
"907",26.840418,-80.052061,1
"908",26.90687,-101.42056,1
"909",26.91962,75.78781,2
"910",26.92534,-82.35204,1
"911",26.98333,-109.66667,1
"912",27,30,3
"913",27.23998,87.14802,1
"914",27.25251,86.67168,1
"915",27.33333,-102,1
"916",27.33333,88.66667,1
"917",27.402542,-82.523909,1
"918",27.41254,-82.65899,1
"919",27.45,76.5333,4
"920",27.47629,-99.51639,1
"921",27.50199,77.6833,1
"922",27.52961,115.14278,1
"923",27.56246,76.625,1
"924",27.58333,84.5,1
"925",27.594676,-81.514425,1
"926",27.75748,-100.27703,1
"927",27.77086,-82.67927,1
"928",27.77159,-99.94673,2
"929",27.77857,50.17622,1
"930",27.78864,-82.75232,1
"931",27.797802,-97.399067,2
"932",27.81474,-12.63242,1
"933",27.996097,-82.582035,10
"934",28,3,3
"935",28,84,3
"936",28,112,1
"937",28,116,1
"938",28.035908,-81.899669,1
"939",28.079357,-80.623618,2
"940",28.12896,75.61351,1
"941",28.1384,-80.6524,1
"942",28.1833,76.6167,4
"943",28.33333,-105.4,1
"944",28.3964,-13.8588,1
"945",28.40584,-80.60477,1
"946",28.42039,-14.01306,1
"947",28.4601,77.02635,1
"948",28.46824,-16.25462,2
"949",28.507128,-99.726018,1
"950",28.51893,77.21312,1
"951",28.53834,-81.37924,3
"952",28.545179,-81.373291,10
"953",28.58,77.33,3
"954",28.6333,77.2167,4
"955",28.63333,-106.08333,5
"956",28.63576,77.22445,28
"957",28.65381,77.22897,7
"958",28.75054,-82.5001,43
"959",28.76147,-81.7113,8
"960",28.78416,-81.2759,2
"961",28.83333,20.83333,7
"962",28.948876,-81.298674,1
"963",28.97155,77.71934,1
"964",29.01123,-82.032463,1
"965",29.0971,-110.95749,3
"966",29.194,-81.047652,1
"967",29.32322,-100.95217,2
"968",29.33333,-110.66667,2
"969",29.3375,47.6581,1
"970",29.468413,-98.528889,10
"971",29.5,47.75,2
"972",29.575124,-98.141052,1
"973",29.651344,-95.588001,1
"974",29.66217,-94.88992,1
"975",29.697653,-91.265374,1
"976",29.7630556,-95.3630556,1
"977",29.76328,-95.36327,5
"978",29.775174,-95.369019,1
"979",29.813142,-95.309789,21
"980",29.845783,-96.919704,5
"981",29.87622,-98.26167,1
"982",29.89469,-81.31452,1
"983",29.937583,-91.997318,1
"984",29.942895,-91.029384,2
"985",29.95465,-90.07507,3
"986",29.96974,40.20641,1
"987",29.972907,-97.997166,2
"988",30,70,1
"989",30.062169,-95.383966,2
"990",30.06263,31.24967,5
"991",30.068812,-89.930956,10
"992",30.0858333,-94.1016667,1
"993",30.10244,-95.22966,1
"994",30.1578,76.19841,1
"995",30.1825,-96.9361111,2
"996",30.187479,-82.617549,1
"997",30.225164,-95.461889,1
"998",30.23765,-85.63262,1
"999",30.26715,-97.74306,2
"1000",30.28331,-91.240712,1
"1001",30.290139,-92.499732,1
"1002",30.32443,78.03392,1
"1003",30.326374,-97.771258,26
"1004",30.33218,-81.65565,7
"1005",30.347061,-87.113185,2
"1006",30.40742,-98.04446,1
"1007",30.428781,-87.222516,4
"1008",30.434825,-84.241171,1
"1009",30.45075,-91.15455,1
"1010",30.45909,-97.64917,1
"1011",30.577149,-94.686315,1
"1012",30.609093,-96.325984,1
"1013",30.69297,-89.89007,1
"1014",30.701142,-88.103184,3
"1015",30.731305,-85.354651,1
"1016",30.73629,76.7884,1
"1017",30.791529,-85.80375,1
"1018",30.792885,-86.985834,2
"1019",30.80806,73.44583,1
"1020",30.86017,72.31976,3
"1021",30.91667,75.41667,6
"1022",30.9525,118.75528,1
"1023",31,112,4
"1024",31.00047,-92.0004,5
"1025",31.025023,-88.795262,1
"1026",31.085833,-97.357099,1
"1027",31.086666,-88.797692,1
"1028",31.106,-97.6475,3
"1029",31.1801,-91.8749,9
"1030",31.185738,-95.63856,2
"1031",31.197805,-83.256164,1
"1032",31.20743,121.6306,2
"1033",31.21564,29.95527,4
"1034",31.21592,107.50092,1
"1035",31.224262,-82.359628,1
"1036",31.245138,-89.28071,1
"1037",31.25044,-99.25061,49
"1038",31.31129,-92.44514,1
"1039",31.32556,75.57917,3
"1040",31.387978,-110.912001,2
"1041",31.44815,-109.92841,1
"1042",31.5,34.75,6
"1043",31.520222,-92.712712,1
"1044",31.54972,74.34361,9
"1045",31.552011,-97.1382,1
"1046",31.61598,-94.61587,1
"1047",31.70487,35.20376,2
"1048",31.73333,-106.48333,3
"1049",31.75872,-106.48693,1
"1050",31.763608,-106.484592,3
"1051",31.763715,-84.160359,1
"1052",31.76904,35.21633,1
"1053",31.80238,-97.09167,1
"1054",31.806832,-81.437074,1
"1055",31.92157,35.20329,1
"1056",31.932883,-110.895188,1
"1057",31.95522,35.94503,2
"1058",31.97266,-85.18077,1
"1059",32,53,1
"1060",32.09738,-111.78995,1
"1061",32.1446,-95.1205,1
"1062",32.21319,-80.799698,2
"1063",32.217975,-110.970869,4
"1064",32.2207,-98.20226,1
"1065",32.239037,-90.158421,1
"1066",32.29876,-90.18481,7
"1067",32.30147,-99.89012,2
"1068",32.33333,-64.75,1
"1069",32.33431,-90.22203,3
"1070",32.34342,-117.03186,1
"1071",32.35126,-95.30106,1
"1072",32.370699,-96.240533,4
"1073",32.381605,-88.663489,1
"1074",32.42993,-97.83227,1
"1075",32.43347,-97.10251,2
"1076",32.436064,-90.13731,3
"1077",32.44901,108.40243,1
"1078",32.482721,-93.711213,1
"1079",32.48653,-91.85929,1
"1080",32.5027,-117.00371,1
"1081",32.517846,-94.730285,2
"1082",32.52515,-93.75018,1
"1083",32.580403,-83.653003,1
"1084",32.65002,-115.46107,2
"1085",32.67811,-117.0992,1
"1086",32.699204,-93.660754,1
"1087",32.712088,-94.121297,1
"1088",32.7152778,-117.1563889,1
"1089",32.71533,-117.15726,4
"1090",32.724103,-117.170912,14
"1091",32.735687,-97.108066,3
"1092",32.743122,-117.078836,1
"1093",32.75041,-89.75036,5
"1094",32.75041,-86.75026,5
"1095",32.75042,-83.50018,15
"1096",32.75589,-111.67096,1
"1097",32.759751,-117.248883,1
"1098",32.76105,-116.998102,1
"1099",32.765287,-96.812519,1
"1100",32.775409,-97.435599,5
"1101",32.776671,-97.009389,1
"1102",32.780326,-79.940844,1
"1103",32.781179,-96.790329,18
"1104",32.78306,-96.80667,4
"1105",32.7833333,-96.8,3
"1106",32.78764,-94.03102,1
"1107",32.78972,130.74167,1
"1108",32.799,-86.8073,2
"1109",32.804382,-83.617554,2
"1110",32.814018,-96.948895,1
"1111",32.84727,-117.2742,1
"1112",32.87519,13.18746,2
"1113",32.928037,-97.283914,1
"1114",32.93291,-84.49159,1
"1115",32.94794,-81.03177,1
"1116",32.95949,-117.26531,3
"1117",33,44,3
"1118",33,66,1
"1119",33.016928,-116.846046,2
"1120",33.046233,-96.994174,1
"1121",33.096382,-115.280168,1
"1122",33.146336,-96.856347,2
"1123",33.149467,-97.096016,1
"1124",33.15845,-86.23858,5
"1125",33.163016,-96.687794,1
"1126",33.204019,-93.312114,1
"1127",33.209841,-87.569174,1
"1128",33.262154,-84.779148,1
"1129",33.26513,-94.11519,1
"1130",33.27333,35.19389,1
"1131",33.324113,-111.878217,1
"1132",33.34872,-87.01416,1
"1133",33.34883,-112.49123,4
"1134",33.401395,-111.931298,1
"1135",33.405387,-86.811378,1
"1136",33.411721,-105.63483,1
"1137",33.422269,-111.82264,4
"1138",33.43495,-80.383555,1
"1139",33.44838,-112.07404,8
"1140",33.45012,-88.59116,1
"1141",33.50921,-111.89903,1
"1142",33.520661,-86.80249,1
"1143",33.534451,-111.887354,3
"1144",33.548299,-117.344739,1
"1145",33.55566,-85.89997,1
"1146",33.565878,-84.401837,1
"1147",33.566039,-110.757756,1
"1148",33.570819,-117.67355,1
"1149",33.57261,-84.41326,5
"1150",33.57667,1.01463,1
"1151",33.57989,130.44351,1
"1152",33.58831,-7.61138,1
"1153",33.604131,-96.550405,1
"1154",33.60639,130.41806,1
"1155",33.608922,-91.207356,1
"1156",33.61891,-117.92895,1
"1157",33.6406,-112.03098,3
"1158",33.64079,-117.693074,1
"1159",33.655162,-95.605194,1
"1160",33.66336,-116.31001,1
"1161",33.666688,-101.681715,1
"1162",33.667509,-84.144816,1
"1163",33.705546,-84.975668,1
"1164",33.710984,-116.204844,1
"1165",33.719085,-87.676051,1
"1166",33.727056,-89.755855,6
"1167",33.74011,-84.34493,1
"1168",33.745851,-117.826166,1
"1169",33.74752,-116.97197,1
"1170",33.74822,-117.858473,2
"1171",33.749,-84.38798,12
"1172",33.757245,-117.750414,2
"1173",33.77156,-78.784745,1
"1174",33.786594,-118.298662,17
"1175",33.787874,-117.852006,3
"1176",33.797412,-84.197984,1
"1177",33.801262,-117.148783,5
"1178",33.803448,-118.168135,10
"1179",33.81207,-117.91898,3
"1180",33.81696,-118.03729,1
"1181",33.827795,-118.222848,1
"1182",33.830296,-116.545292,1
"1183",33.83333,35.83333,7
"1184",33.83529,-117.9145,1
"1185",33.835665,-118.303805,1
"1186",33.844371,-84.47405,29
"1187",33.846302,-118.012225,1
"1188",33.865876,-84.468729,1
"1189",33.882239,-117.357265,1
"1190",33.888014,-118.12965,1
"1191",33.88894,35.49442,2
"1192",33.889151,-118.402127,1
"1193",33.903687,-98.457062,1
"1194",33.92176,134.23682,1
"1195",33.924075,-102.33012,1
"1196",33.924269,-84.378538,1
"1197",33.952602,-84.549933,2
"1198",33.953349,-117.396156,3
"1199",33.95335,-117.39616,1
"1200",33.95482,-86.04192,1
"1201",33.956526,-118.358654,4
"1202",33.973951,-118.248405,135
"1203",33.976114,-117.981631,2
"1204",33.981735,-91.5578,2
"1205",33.987396,-118.471538,1
"1206",33.992902,-83.353697,1
"1207",33.99551,-118.34835,1
"1208",33.996759,-118.441084,1
"1209",34,9,1
"1210",34.00043,-81.00009,11
"1211",34.004311,-118.0441,2
"1212",34.0194444,-118.4902778,2
"1213",34.019454,-118.491191,4
"1214",34.02278,35.64194,2
"1215",34.025111,-80.478151,1
"1216",34.03384,-84.597433,1
"1217",34.0339,-118.20535,1
"1218",34.03715,-4.9998,1
"1219",34.037252,-118.423573,2
"1220",34.039034,-118.707992,1
"1221",34.042286,-117.756106,1
"1222",34.046155,-118.211379,1
"1223",34.05223,-118.24368,105
"1224",34.072,-118.415,1
"1225",34.093828,-118.381697,4
"1226",34.09834,-118.32674,11
"1227",34.098343,-118.326743,6
"1228",34.10723,-118.05785,1
"1229",34.10834,-117.28977,1
"1230",34.12331,-118.671028,2
"1231",34.136972,-81.775043,1
"1232",34.147149,-118.463365,2
"1233",34.1528,-118.000482,1
"1234",34.16028,-118.65231,1
"1235",34.1692,-118.372498,1
"1236",34.180926,-118.927528,1
"1237",34.194999,-111.305069,2
"1238",34.1975,-119.17705,1
"1239",34.200787,-84.847108,1
"1240",34.200833,-118.6649,1
"1241",34.213991,-86.145587,1
"1242",34.225726,-77.94471,1
"1243",34.23314,-102.41075,25
"1244",34.286689,-118.435078,1
"1245",34.287542,-84.430458,1
"1246",34.293049,-84.176166,1
"1247",34.334398,-83.837912,1
"1248",34.346,-78.84391,1
"1249",34.38722,35.79611,1
"1250",34.39166,-118.54259,1
"1251",34.39627,132.45937,1
"1252",34.408383,-118.123597,1
"1253",34.41278,-117.77395,1
"1254",34.415191,-119.688104,1
"1255",34.435881,-78.617085,1
"1256",34.442543,-93.342855,1
"1257",34.474162,-86.7334,2
"1258",34.48095,72.00142,2
"1259",34.5003,-111.50098,7
"1260",34.50034,-106.00085,6
"1261",34.643176,-120.448932,1
"1262",34.643265,-118.257416,4
"1263",34.64662,-92.67657,1
"1264",34.66689,135.49902,1
"1265",34.68665,135.51923,2
"1266",34.6913,135.183,1
"1267",34.69374,135.50218,2
"1268",34.70794,-77.23162,1
"1269",34.718428,-86.556439,1
"1270",34.73815,-106.66854,5
"1271",34.74367,-101.85463,1
"1272",34.74516,-80.18284,1
"1273",34.74648,-92.28959,1
"1274",34.746481,-92.289595,1
"1275",34.769536,-92.267094,6
"1276",34.847629,-114.61521,1
"1277",34.85262,-82.39401,1
"1278",34.85794,-79.03698,1
"1279",34.873403,-97.946152,1
"1280",34.875832,-120.340795,1
"1281",34.895926,-83.46655,8
"1282",35,33,3
"1283",35,38,1
"1284",35,105,3
"1285",35.017818,-85.206426,1
"1286",35.02107,135.75385,2
"1287",35.02287,-93.04767,1
"1288",35.03667,32.42639,2
"1289",35.080992,-89.699083,2
"1290",35.08449,-106.65114,1
"1291",35.084491,-106.651137,5
"1292",35.10278,129.04028,1
"1293",35.125624,-118.021353,64
"1294",35.13333,129.05,1
"1295",35.14953,-90.04898,2
"1296",35.150177,-118.009686,2
"1297",35.15923,-98.44228,5
"1298",35.169255,-89.990415,13
"1299",35.18017,136.90656,3
"1300",35.187133,-117.885359,17
"1301",35.19807,-111.65127,1
"1302",35.20215,-82.7983,1
"1303",35.2269444,-80.8433333,14
"1304",35.22709,-80.84313,1
"1305",35.25,128.25,1
"1306",35.25568,70.82668,1
"1307",35.26002,-80.804151,10
"1308",35.267883,-89.164158,1
"1309",35.317009,-81.185572,1
"1310",35.32787,25.14341,6
"1311",35.328254,-97.461513,1
"1312",35.339508,-97.486703,1
"1313",35.34194,139.47,1
"1314",35.384337,-119.020562,2
"1315",35.410244,-81.202959,7
"1316",35.41746,139.33885,1
"1317",35.4359,-97.09142,1
"1318",35.44778,139.6425,13
"1319",35.447916,-82.164013,2
"1320",35.46756,-97.51643,4
"1321",35.46806,44.39222,3
"1322",35.491608,-97.562817,3
"1323",35.50069,-80.00032,4
"1324",35.50472,11.06222,2
"1325",35.517659,-83.061291,1
"1326",35.52838,-101.58906,1
"1327",35.545901,-77.063333,1
"1328",35.56685,-75.46849,1
"1329",35.58537,-83.69184,1
"1330",35.58672,-97.507599,4
"1331",35.58708,-80.46284,1
"1332",35.590326,-117.692883,1
"1333",35.60095,-82.55402,1
"1334",35.602711,-82.567281,2
"1335",35.60472,140.12333,1
"1336",35.60506,140.12333,1
"1337",35.61694,-87.07701,1
"1338",35.632848,-85.713868,1
"1339",35.66404,139.69821,1
"1340",35.676537,-78.813444,1
"1341",35.68333,139.78333,2
"1342",35.685,139.7513889,1
"1343",35.68536,139.75309,39
"1344",35.688378,-84.076895,1
"1345",35.6895,139.69171,38
"1346",35.69111,-0.64167,1
"1347",35.69306,139.98333,2
"1348",35.69439,51.42151,3
"1349",35.71972,139.92472,2
"1350",35.72738,139.48173,1
"1351",35.729793,-118.703266,1
"1352",35.7302,139.71134,1
"1353",35.73333,139.78333,1
"1354",35.7449,-86.7489,1
"1355",35.763346,-89.45392,1
"1356",35.768738,-91.652338,1
"1357",35.82194,127.14889,1
"1358",35.82756,137.95378,1
"1359",35.83266,50.99154,1
"1360",35.8427,-86.41674,1
"1361",35.85065,-95.3183,1
"1362",35.85721,139.64904,4
"1363",35.902685,-75.678895,4
"1364",35.9132,-79.05584,1
"1365",35.94389,126.95444,1
"1366",35.96064,-83.92074,1
"1367",35.972441,-83.909369,1
"1368",35.99115,-98.65314,1
"1369",36,119,1
"1370",36.036566,-115.080923,2
"1371",36.039147,-95.868667,1
"1372",36.042569,-90.337324,1
"1373",36.0684,-90.95595,24
"1374",36.0785,48.0129,1
"1375",36.087114,-79.306093,1
"1376",36.09719,-115.14666,4
"1377",36.103075,-119.574297,1
"1378",36.118312,-80.101271,1
"1379",36.122535,-86.790094,1
"1380",36.13326,-5.45051,1
"1381",36.165688,-86.778098,15
"1382",36.16589,-86.78444,2
"1383",36.17,-119.7462,2
"1384",36.17497,-115.13722,3
"1385",36.18498,-115.04697,1
"1386",36.189892,-115.025684,5
"1387",36.201495,-86.289544,1
"1388",36.20655,36.15722,1
"1389",36.217846,-85.542327,1
"1390",36.23333,137.96667,1
"1391",36.263579,-115.185077,1
"1392",36.27719,-6.0885,1
"1393",36.279498,-86.873611,1
"1394",36.296908,-115.174211,2
"1395",36.301068,-115.206969,19
"1396",36.303793,-119.375646,1
"1397",36.347107,-94.223419,1
"1398",36.44117,-82.94468,1
"1399",36.478198,-84.054965,1
"1400",36.50976,-98.44897,3
"1401",36.51543,-4.88583,3
"1402",36.522633,-87.334932,1
"1403",36.53361,-6.29944,2
"1404",36.538846,-87.364887,8
"1405",36.56583,139.88361,1
"1406",36.584514,-98.87222,1
"1407",36.60827,-78.82926,1
"1408",36.63654,-83.43753,1
"1409",36.660981,-93.235798,1
"1410",36.696082,-96.833712,1
"1411",36.70272,138.31603,1
"1412",36.72016,-4.42034,9
"1413",36.749991,-76.218759,2
"1414",36.77145,136.7705,1
"1415",36.828078,-121.3924,2
"1416",36.83814,-2.45974,3
"1417",36.844004,-76.12036,2
"1418",36.862603,-119.734947,1
"1419",36.87617,6.90921,1
"1420",36.8823,-89.928158,1
"1421",36.895911,-76.208521,1
"1422",36.93293,-77.94,1
"1423",36.9748,37.4987,14
"1424",36.98333,10.11667,1
"1425",37,127.5,8
"1426",37.01273,-119.65264,1
"1427",37.017407,-86.451752,1
"1428",37.06265,-76.333,1
"1429",37.08041,-82.88026,1
"1430",37.0833,-8.25,2
"1431",37.113343,-94.502663,2
"1432",37.15117,-88.732,1
"1433",37.18817,-3.60667,2
"1434",37.189396,-121.705327,7
"1435",37.21672,-89.52453,1
"1436",37.222788,-121.983274,1
"1437",37.25022,-119.75126,9
"1438",37.25833,-6.95083,1
"1439",37.278563,-121.955101,1
"1440",37.28114,-7.15071,2
"1441",37.29393,-87.12333,2
"1442",37.311416,-112.601749,1
"1443",37.328112,-86.363751,1
"1444",37.335289,-89.574605,1
"1445",37.35,38.8167,3
"1446",37.35071,-79.18085,1
"1447",37.350809,-121.97768,1
"1448",37.38241,-5.97613,10
"1449",37.3876,13.5557,1
"1450",37.388556,-122.01774,1
"1451",37.43807,-4.19523,2
"1452",37.441123,-77.315342,1
"1453",37.463059,-81.01501,1
"1454",37.49889,126.78306,1
"1455",37.50213,15.08719,1
"1456",37.54812,-77.44675,9
"1457",37.54827,-121.988572,1
"1458",37.55376,-77.46026,2
"1459",37.56826,126.97783,6
"1460",37.5832,34.6837,1
"1461",37.6,-4.5,1
"1462",37.60222,27.18674,2
"1463",37.60512,-0.98623,2
"1464",37.60566,-82.32431,1
"1465",37.61971,-112.16603,1
"1466",37.651974,-97.258997,1
"1467",37.668821,-122.080796,1
"1468",37.687509,-122.438783,1
"1469",37.715629,-122.158621,1
"1470",37.74916,-81.05239,1
"1471",37.768575,-121.918551,1
"1472",37.76922,-3.79028,2
"1473",37.77493,-122.41942,2
"1474",37.784827,-122.727802,12
"1475",37.786027,-122.223779,4
"1476",37.79139,20.89528,1
"1477",37.80205,-5.10726,1
"1478",37.839643,-120.698578,1
"1479",37.88333,-4.76667,1
"1480",37.88542,-79.01003,1
"1481",37.897832,-121.784818,1
"1482",37.92037,23.9035,3
"1483",37.94745,23.63708,1
"1484",37.9577,-121.29078,1
"1485",37.970948,-122.504286,1
"1486",37.97945,23.71622,6
"1487",37.98869,-84.47772,1
"1488",37.996501,-121.812301,1
"1489",37.997128,-87.574963,1
"1490",38,-97,2
"1491",38,-3.5,2
"1492",38,102,8
"1493",38.006484,-84.979923,1
"1494",38.01506,-7.86323,1
"1495",38.044857,-97.317279,1
"1496",38.047322,-77.114373,1
"1497",38.06826,-120.53965,1
"1498",38.070453,-120.534966,1
"1499",38.100715,-120.564041,1
"1500",38.10171,-86.99446,1
"1501",38.11047,15.66129,1
"1502",38.1156,-3.0848,1
"1503",38.167586,-87.906917,1
"1504",38.188962,-85.676819,3
"1505",38.20042,-84.87762,12
"1506",38.25031,-92.50046,3
"1507",38.25445,-104.60914,1
"1508",38.293234,-104.536493,1
"1509",38.3,141,1
"1510",38.3004,-76.50745,1
"1511",38.302499,-107.82562,1
"1512",38.32429,-76.5169,1
"1513",38.3295,-122.01289,1
"1514",38.34517,-0.48149,2
"1515",38.36778,26.13583,1
"1516",38.380456,-121.555406,10
"1517",38.38333,27.1,1
"1518",38.4,27.1,1
"1519",38.40417,14.9657,1
"1520",38.41273,27.13838,2
"1521",38.4333,38.6,1
"1522",38.434153,-96.152766,2
"1523",38.442011,-122.23832,1
"1524",38.44938,140.92624,2
"1525",38.450412,-122.783159,2
"1526",38.46806,106.27306,1
"1527",38.473824,-82.647933,1
"1528",38.5,-0.5,3
"1529",38.50029,-98.50063,5
"1530",38.501019,-122.751296,1
"1531",38.50743,-77.045766,1
"1532",38.547221,-78.134855,1
"1533",38.55,-7.425,2
"1534",38.551295,-121.471066,1
"1535",38.584381,-76.082633,1
"1536",38.62011,-75.15074,1
"1537",38.62727,-90.19789,1
"1538",38.631501,-90.19231,2
"1539",38.64068,-90.44341,8
"1540",38.666597,-121.141636,1
"1541",38.68373,-77.26026,1
"1542",38.689126,-112.123382,1
"1543",38.689832,-77.836115,1
"1544",38.71667,-9.13333,6
"1545",38.736609,-90.569099,1
"1546",38.737532,-78.643165,1
"1547",38.74333,-9.46382,1
"1548",38.744218,-90.305392,1
"1549",38.759359,-94.163578,1
"1550",38.78524,-0.34271,1
"1551",38.79338,-90.26733,1
"1552",38.81453,-82.19265,1
"1553",38.83056,126.36472,1
"1554",38.833563,-76.877743,1
"1555",38.83388,-104.82136,1
"1556",38.851262,-76.885744,1
"1557",38.856062,-101.764693,1
"1558",38.861469,-104.857828,3
"1559",38.86881,-117.92206,3
"1560",38.8698,-82.54266,1
"1561",38.8766,-6.9684,4
"1562",38.885484,-77.099113,2
"1563",38.885867,-76.904972,9
"1564",38.89511,-77.03637,4
"1565",38.895112,-77.036366,20
"1566",38.908943,-84.490473,1
"1567",38.911994,-94.351673,1
"1568",38.91706,-77.00025,1
"1569",38.91971,-0.11935,1
"1570",38.92505,-87.01945,1
"1571",38.949763,-95.279313,1
"1572",38.95922,-85.89025,1
"1573",38.95955,-8.52524,1
"1574",38.95999,17.09332,1
"1575",38.964518,-94.370275,1
"1576",38.9667,35.9667,3
"1577",38.975662,-77.127944,1
"1578",38.97655,-5.7974,3
"1579",38.98223,-94.67079,1
"1580",38.99424,-1.85643,2
"1581",39,22,18
"1582",39,116,1
"1583",39.00027,-105.50083,2
"1584",39.00039,-75.49992,1
"1585",39.0085,-94.34609,2
"1586",39.023294,-95.208909,2
"1587",39.02801,-113.34497,1
"1588",39.041987,-77.605404,1
"1589",39.04756,-84.89356,1
"1590",39.04848,-98.147757,1
"1591",39.05901,34.91155,3
"1592",39.09973,-94.57857,1
"1593",39.102404,-94.598583,6
"1594",39.143979,-77.207617,1
"1595",39.14978,-84.478,1
"1596",39.154485,-119.73074,1
"1597",39.162,-84.45689,1
"1598",39.166759,-84.53822,4
"1599",39.2026,-0.31114,1
"1600",39.209375,-96.564589,1
"1601",39.222245,-76.607901,1
"1602",39.228,36.9391,1
"1603",39.25021,-116.75119,3
"1604",39.25769,-76.50924,1
"1605",39.26992,-2.60118,1
"1606",39.279656,-94.982216,1
"1607",39.296536,-76.623489,12
"1608",39.29983,-75.60465,3
"1609",39.306486,-120.546604,1
"1610",39.339279,-82.013803,1
"1611",39.370401,-75.04282,1
"1612",39.377297,-74.451082,2
"1613",39.40326,-9.13839,2
"1614",39.43212,32.49732,1
"1615",39.433602,-87.410094,1
"1616",39.44307,-76.61632,3
"1617",39.443551,-77.33294,2
"1618",39.46975,-0.37739,6
"1619",39.495524,-75.008665,1
"1620",39.50536,141.10426,1
"1621",39.51566,-77.07332,12
"1622",39.52205,-6.37482,9
"1623",39.52365,-87.12502,2
"1624",39.52963,-119.8138,1
"1625",39.540398,-119.749111,2
"1626",39.55228,-84.23327,1
"1627",39.5611,-107.2931,2
"1628",39.597937,-105.010182,1
"1629",39.60992,3.02948,2
"1630",39.61362,3.02004,1
"1631",39.6217,-87.45141,1
"1632",39.626362,-121.777546,1
"1633",39.63722,22.42028,1
"1634",39.641788,-79.951903,1
"1635",39.64951,-82.74434,1
"1636",39.66345,-75.64271,1
"1637",39.6639,-98.347557,1
"1638",39.6945,-8.13057,20
"1639",39.7039,140.15523,1
"1640",39.70471,-105.08137,5
"1641",39.713941,-76.651296,1
"1642",39.71562,-82.95296,2
"1643",39.74116,-84.8519,1
"1644",39.744773,-105.115977,4
"1645",39.74833,37.01611,1
"1646",39.75895,-84.19161,2
"1647",39.76,-98.5,163
"1648",39.76838,-86.15804,3
"1649",39.7705,32.1697,2
"1650",39.775092,-86.13216,6
"1651",39.776986,-105.108182,1
"1652",39.8218,34.3174,1
"1653",39.844203,-84.404247,1
"1654",39.8453,33.5064,27
"1655",39.848539,-74.953498,1
"1656",39.8647,-86.2604,76
"1657",39.866,-74.25003,2
"1658",39.8765,39.4966,4
"1659",39.9075,116.39723,2
"1660",39.91691,116.39706,2
"1661",39.91987,32.85427,3
"1662",39.930782,-105.074287,1
"1663",39.93759,-77.6611,1
"1664",39.942081,-104.963637,1
"1665",39.94862,18.08883,1
"1666",39.9499,32.4414,3
"1667",39.951513,-82.802896,1
"1668",39.952335,-75.163789,3
"1669",39.95234,-75.16379,8
"1670",39.96118,-82.99879,1
"1671",40,-4,42
"1672",40,9,1
"1673",40,28.2833,7
"1674",40,127,2
"1675",40.00032,-89.25037,14
"1676",40.00032,-86.25027,4
"1677",40.001264,-75.710882,1
"1678",40.001811,-75.11787,9
"1679",40.00915,-105.26902,1
"1680",40.021143,-121.222229,1
"1681",40.049468,-105.201421,1
"1682",40.0699,36.7563,1
"1683",40.076553,-76.31068,2
"1684",40.083171,-74.068193,1
"1685",40.100924,-83.013402,2
"1686",40.116603,-82.928159,1
"1687",40.117703,-80.09987,1
"1688",40.11995,-111.67031,4
"1689",40.124182,-92.661493,1
"1690",40.135391,-80.146709,1
"1691",40.15085,-8.86179,1
"1692",40.15725,-88.33366,1
"1693",40.15732,-76.3069,1
"1694",40.162779,-89.398361,1
"1695",40.16706,-74.49987,21
"1696",40.180718,-111.562586,1
"1697",40.19011,-74.12959,1
"1698",40.1958,34.8708,1
"1699",40.2,31.3167,20
"1700",40.2167,-8.05,1
"1701",40.21894,-83.96077,15
"1702",40.219809,-79.495329,5
"1703",40.25034,-83.00018,13
"1704",40.27245,-76.90567,1
"1705",40.30787,-75.96549,1
"1706",40.314,-74.5089,1
"1707",40.32118,-79.37948,1
"1708",40.32234,-3.86496,1
"1709",40.327711,-123.9216,1
"1710",40.34582,-3.82487,1
"1711",40.35,38.5333,2
"1712",40.382141,-80.404366,1
"1713",40.38333,-3.61667,1
"1714",40.384991,-104.680631,1
"1715",40.389124,-109.920982,1
"1716",40.40225,-3.71029,4
"1717",40.403717,-97.265045,1
"1718",40.414232,-75.37203,1
"1719",40.4165,-3.70256,19
"1720",40.417778,-86.889633,1
"1721",40.4259,-3.6854,1
"1722",40.431634,-84.983015,1
"1723",40.44062,-79.99589,2
"1724",40.442011,-81.170166,1
"1725",40.47441,-79.950968,3
"1726",40.5,47.5,1
"1727",40.5067,35.9133,1
"1728",40.51254,-88.99758,1
"1729",40.534017,-78.359228,1
"1730",40.54746,-3.64197,2
"1731",40.5667,-8.3167,5
"1732",40.58344,-74.14959,1
"1733",40.590853,-74.314688,1
"1734",40.602658,-75.469236,1
"1735",40.61559,-86.20999,1
"1736",40.62111,-122.407878,1
"1737",40.62773,17.93682,2
"1738",40.629101,-74.532449,1
"1739",40.6295,30.6428,2
"1740",40.63065,-76.17105,1
"1741",40.63333,-3.16667,1
"1742",40.64028,22.94389,1
"1743",40.65,36.3167,1
"1744",40.6501,-73.94958,2
"1745",40.65333,35.83306,1
"1746",40.66641,-105.46116,1
"1747",40.680428,-122.37112,1
"1748",40.68149,-73.83652,1
"1749",40.68344,-73.94125,1
"1750",40.694481,-73.989319,14
"1751",40.6959,-80.01173,5
"1752",40.696298,-77.995133,6
"1753",40.69677,-74.0282,1
"1754",40.702898,-74.010241,2
"1755",40.707742,-95.907718,1
"1756",40.71159,-74.01247,1
"1757",40.714266,-73.38151,1
"1758",40.714269,-74.005973,118
"1759",40.725891,-77.928021,2
"1760",40.73034,-80.31006,1
"1761",40.73094,-73.99764,1
"1762",40.732747,-73.432789,1
"1763",40.73523,13.94813,1
"1764",40.738553,-73.982802,1
"1765",40.742185,-73.992602,52
"1766",40.7445,-74.0329,1
"1767",40.745866,-73.085858,1
"1768",40.756095,-111.900719,4
"1769",40.75732,-73.99542,2
"1770",40.759411,-73.95174,1
"1771",40.76694,29.91694,2
"1772",40.77185,-74.207039,2
"1773",40.77893,-77.841359,1
"1774",40.78885,-74.056035,1
"1775",40.798832,-73.952015,2
"1776",40.80178,-73.220989,2
"1777",40.80788,-73.94542,1
"1778",40.81389,-81.36564,3
"1779",40.81677,-73.06622,1
"1780",40.817554,-77.818298,1
"1781",40.83333,14.25,10
"1782",40.84235,-124.06367,1
"1783",40.84985,-73.86641,5
"1784",40.862349,-74.075585,1
"1785",40.873236,-98.969219,1
"1786",40.881383,-123.984232,1
"1787",40.88593,-74.04347,2
"1788",40.897207,-72.398786,1
"1789",40.915,-80.7458333,1
"1790",40.92201,14.53294,1
"1791",40.926508,-96.279795,1
"1792",40.92726,-8.54839,1
"1793",40.932506,-81.461987,1
"1794",40.94811,-83.96105,1
"1795",40.98593,-74.74211,1
"1796",41,14.5,2
"1797",41,20,1
"1798",41.0014,-96.96697,1
"1799",41.01384,28.94966,12
"1800",41.01408,-72.48723,1
"1801",41.02778,37.50139,1
"1802",41.031397,-73.769626,1
"1803",41.03477,-85.35553,7
"1804",41.03522,-111.93855,1
"1805",41.07482,-73.77513,1
"1806",41.09665,-72.88104,1
"1807",41.097716,-74.010934,1
"1808",41.11363,16.48778,1
"1809",41.11417,22.89389,1
"1810",41.12902,1.24901,1
"1811",41.130604,-85.12886,1
"1812",41.132323,-81.332781,1
"1813",41.13363,-8.61742,1
"1814",41.14961,-8.61099,4
"1815",41.15612,1.10687,1
"1816",41.16287,-73.86152,1
"1817",41.16861,21.4825,1
"1818",41.18454,-73.13317,3
"1819",41.187645,-121.364165,2
"1820",41.20488,32.62768,1
"1821",41.21667,1.53333,1
"1822",41.23063,16.29087,1
"1823",41.24588,-85.441924,1
"1824",41.25,16.25,1
"1825",41.25861,-95.93779,1
"1826",41.259091,-86.698126,1
"1827",41.259996,-73.206957,2
"1828",41.26503,-88.21228,1
"1829",41.291736,-96.171104,3
"1830",41.303464,-80.295576,1
"1831",41.3056,-81.949111,1
"1832",41.308873,-73.363661,1
"1833",41.313304,-81.440435,1
"1834",41.331233,-77.735078,1
"1835",41.342038,-74.167924,1
"1836",41.346088,-75.98638,1
"1837",41.35411,13.43131,1
"1838",41.35481,-8.7434,1
"1839",41.363179,-72.850072,1
"1840",41.38879,2.15899,30
"1841",41.40385,27.35918,1
"1842",41.40797,-8.51978,1
"1843",41.428751,-122.381254,1
"1844",41.434058,-82.134095,2
"1845",41.437207,-87.626083,1
"1846",41.43902,-105.801022,1
"1847",41.44444,-8.29619,1
"1848",41.44894,-82.70796,1
"1849",41.48399,-71.2756,1
"1850",41.48899,-71.73035,1
"1851",41.489381,-81.667486,7
"1852",41.4995,-81.69541,1
"1853",41.50352,1.81136,1
"1854",41.504446,-122.37507,1
"1855",41.50954,-73.92847,20
"1856",41.520052,-81.556235,1
"1857",41.54094,-75.22459,1
"1858",41.54329,2.10942,1
"1859",41.54949,44.99323,2
"1860",41.572143,-87.78925,2
"1861",41.58333,-1,1
"1862",41.625307,-87.83293,1
"1863",41.632867,-83.590628,1
"1864",41.64159,41.63593,1
"1865",41.642297,-71.230522,4
"1866",41.6436,-8.3513,1
"1867",41.65606,-0.87734,1
"1868",41.66667,-4.25,1
"1869",41.66667,2,3
"1870",41.66704,-72.66648,10
"1871",41.672687,-93.572173,1
"1872",41.673383,-86.251654,2
"1873",41.678678,-88.219615,2
"1874",41.720684,-83.569359,1
"1875",41.74638,-74.109241,1
"1876",41.75709,-71.08852,2
"1877",41.78516,-72.763564,1
"1878",41.791776,-72.718832,1
"1879",41.79222,123.43278,2
"1880",41.79249,-73.24532,2
"1881",41.82046,1.86768,2
"1882",41.82275,-71.414451,1
"1883",41.8333,22,5
"1884",41.845588,-87.753945,1
"1885",41.84742,-8.80593,2
"1886",41.85003,-87.65005,27
"1887",41.850033,-87.650052,27
"1888",41.85704,-73.99736,1
"1889",41.88531,-87.62213,1
"1890",41.8875,-88.3052778,19
"1891",41.89474,12.4839,7
"1892",41.90142,-87.68617,1
"1893",41.918877,-88.078095,1
"1894",41.93106,-88.01305,2
"1895",41.9833,23.15,1
"1896",41.98743,-70.73707,1
"1897",41.998713,-88.145569,1
"1898",41.999138,-73.878304,1
"1899",42,12.5,1
"1900",42.00027,-93.50049,2
"1901",42.031179,-87.811163,1
"1902",42.049148,-87.702155,1
"1903",42.06298,8.932,1
"1904",42.068637,-88.413416,1
"1905",42.08621,-72.55787,1
"1906",42.09869,-75.91797,1
"1907",42.111805,-70.710744,1
"1908",42.133379,-77.913872,2
"1909",42.1497,-74.9384,4
"1910",42.150588,-76.055064,1
"1911",42.155768,-97.193232,1
"1912",42.17097,-71.18381,9
"1913",42.20546,-84.55506,1
"1914",42.24113,-88.3162,1
"1915",42.25872,12.17207,2
"1916",42.277334,-83.264832,1
"1917",42.295837,-71.055385,1
"1918",42.328368,-71.057723,1
"1919",42.33143,-83.04575,2
"1920",42.347021,-83.060184,8
"1921",42.35,-3.7,2
"1922",42.3514,-71.90774,1
"1923",42.35843,-71.05977,2
"1924",42.362111,-83.158059,1
"1925",42.364281,-75.682504,1
"1926",42.36565,-71.10832,8
"1927",42.367092,-72.464571,2
"1928",42.369351,-83.371753,1
"1929",42.370567,-71.026964,10
"1930",42.38092,-71.098896,1
"1931",42.40309,-86.27364,3
"1932",42.416384,-122.917383,1
"1933",42.41667,-4.5,1
"1934",42.441117,-92.339209,1
"1935",42.446396,-71.459405,2
"1936",42.447858,-83.473852,5
"1937",42.450626,-79.33063,1
"1938",42.46667,-2.45,22
"1939",42.488595,-71.157271,1
"1940",42.49065,-71.27617,2
"1941",42.5,-8.5,1
"1942",42.538705,-83.221865,1
"1943",42.577188,-70.949245,1
"1944",42.58333,21,1
"1945",42.605589,-83.14993,1
"1946",42.614852,-73.970812,1
"1947",42.656045,-71.303309,1
"1948",42.67037,-71.30201,1
"1949",42.67272,21.16688,1
"1950",42.67279,-82.91016,1
"1951",42.68562,-78.7767,1
"1952",42.6865,-2.94695,1
"1953",42.69764,2.89541,1
"1954",42.70278,9.45,2
"1955",42.73087,-84.47859,1
"1956",42.74926,-83.38905,1
"1957",42.75508,-7.86621,2
"1958",42.8111,-1.6533,37
"1959",42.82306,20.9675,2
"1960",42.8333,12.8333,1
"1961",42.83333,12.83333,43
"1962",42.88052,-8.54569,1
"1963",42.89606,-78.886424,9
"1964",42.90012,-78.93286,1
"1965",42.911088,-98.841712,1
"1966",42.93333,25.88333,1
"1967",42.940667,-74.343823,1
"1968",42.96984,-123.17617,1
"1969",42.97839,-78.79976,1
"1970",42.988483,-71.462111,1
"1971",42.98984,11.86725,1
"1972",43,-2.75,1
"1973",43,12.5,1
"1974",43,25,11
"1975",43.00035,-75.4999,11
"1976",43.011264,-87.958409,2
"1977",43.022155,-88.204676,1
"1978",43.032537,-76.009953,2
"1979",43.06451,141.3466,2
"1980",43.077847,-75.383226,1
"1981",43.11396,-76.39605,3
"1982",43.116477,-93.270559,1
"1983",43.13867,-79.03893,1
"1984",43.16537,13.72424,2
"1985",43.22645,-75.466922,1
"1986",43.234623,-77.657664,1
"1987",43.25654,76.92848,3
"1988",43.26271,-2.92528,1
"1989",43.276447,-76.147306,1
"1990",43.276641,-70.599502,1
"1991",43.280191,-78.210376,11
"1992",43.286024,-77.684264,1
"1993",43.29568,-5.68416,1
"1994",43.29695,5.38107,1
"1995",43.3504,-84.5603,8
"1996",43.35826,-110.91743,2
"1997",43.36662,-5.86112,2
"1998",43.37135,-8.396,1
"1999",43.4,12.1038,2
"2000",43.41136,-106.28002,2
"2001",43.41667,11,2
"2002",43.41686,-65.61552,1
"2003",43.42537,-80.5112,1
"2004",43.46658,-112.03414,1
"2005",43.5,1.33333,1
"2006",43.50891,16.43915,1
"2007",43.5283,5.44973,1
"2008",43.53573,-5.66152,6
"2009",43.5501,-80.24967,1
"2010",43.5631,3.952,1
"2011",43.579067,-116.421656,1
"2012",43.59917,39.72569,1
"2013",43.60019,-79.50527,1
"2014",43.60426,1.44367,1
"2015",43.605395,-83.019578,1
"2016",43.61092,3.87723,2
"2017",43.6135,-116.203451,1
"2018",43.64372,-79.47716,1
"2019",43.66031,-1.30799,1
"2020",43.66667,3.16667,1
"2021",43.66702,-71.4998,1
"2022",43.70011,-79.4163,26
"2023",43.80103,-73.08427,1
"2024",43.84864,18.35644,1
"2025",43.90012,-78.84957,1
"2026",43.90251,-85.712,1
"2027",43.91172,-69.9405,1
"2028",43.94155,-122.87655,2
"2029",44.00013,-120.50139,7
"2030",44.00034,-72.74983,4
"2031",44.010702,-97.595227,3
"2032",44.076755,-91.460168,1
"2033",44.11249,-103.06823,1
"2034",44.11761,-85.484299,1
"2035",44.18333,28.65,1
"2036",44.20012,-78.99957,1
"2037",44.20104,-88.329484,1
"2038",44.23341,-68.31946,26
"2039",44.25,17.83333,1
"2040",44.25029,-85.50033,20
"2041",44.30278,17.3025,2
"2042",44.32354,0.33935,1
"2043",44.33339,-80.74972,2
"2044",44.392496,-89.818139,6
"2045",44.43225,26.10626,2
"2046",44.455784,-67.879611,2
"2047",44.476622,-73.209998,1
"2048",44.480778,-88.016063,1
"2049",44.4841,-110.87382,21
"2050",44.49381,11.33875,1
"2051",44.5,8.83333,1
"2052",44.5002,-114.25118,5
"2053",44.50026,-100.25069,2
"2054",44.50395,-70.21617,2
"2055",44.507856,-67.859167,1
"2056",44.5082,-122.889622,1
"2057",44.538526,-67.883074,1
"2058",44.5609,-70.54534,1
"2059",44.6074,-69.3977,2
"2060",44.64533,-63.57239,1
"2061",44.72178,-123.92011,1
"2062",44.739462,-93.193842,1
"2063",44.75,11,2
"2064",44.791083,-68.440164,1
"2065",44.80266,10.32898,1
"2066",44.80401,20.46513,2
"2067",44.81892,20.45998,2
"2068",44.84044,-0.5805,9
"2069",44.874984,-93.152093,1
"2070",44.916963,-93.481749,1
"2071",44.94878,-123.003655,1
"2072",44.97997,-93.26384,1
"2073",44.984577,-93.269097,6
"2074",45.00015,-62.99865,2
"2075",45.01706,-93.09961,1
"2076",45.05,7.66667,3
"2077",45.0668,-75.44933,1
"2078",45.07049,7.68682,1
"2079",45.07998,11.79301,1
"2080",45.13333,7.36667,2
"2081",45.138926,-93.36093,1
"2082",45.16667,15.5,4
"2083",45.18446,9.16145,1
"2084",45.1953,-76.1496,19
"2085",45.203109,-69.228847,1
"2086",45.26103,7.13495,1
"2087",45.2933,-96.463282,1
"2088",45.358419,-92.853006,1
"2089",45.38338,-73.09915,1
"2090",45.408374,-122.691388,1
"2091",45.41117,-75.69812,4
"2092",45.41519,11.88181,1
"2093",45.45,28.05,2
"2094",45.458397,-122.977963,2
"2095",45.46427,9.18951,11
"2096",45.5,1.83333,1
"2097",45.5,6.41667,1
"2098",45.50032,-69.24977,6
"2099",45.507856,-122.690794,14
"2100",45.50884,-73.58781,10
"2101",45.52478,10.22727,1
"2102",45.55729,11.5409,1
"2103",45.56995,-73.692,2
"2104",45.58248,9.27485,1
"2105",45.60008,-71.13235,1
"2106",45.654829,-94.073533,1
"2107",45.65771,-122.62033,1
"2108",45.66667,11.45,2
"2109",45.66667,12.245,1
"2110",45.678996,-122.720499,1
"2111",45.68344,-62.71534,1
"2112",45.74846,4.84671,5
"2113",45.80998,9.08744,1
"2114",45.81444,15.97798,1
"2115",45.83333,12.21667,2
"2116",45.8475,12.35472,1
"2117",45.92859,24.92867,1
"2118",45.96028,14.52889,2
"2119",46,2,39
"2120",46,15,1
"2121",46,25,2
"2122",46.01008,8.96004,1
"2123",46.07798,-112.54447,5
"2124",46.105446,-111.168365,1
"2125",46.11594,-64.80186,1
"2126",46.12352,2.76355,1
"2127",46.181872,-123.057597,1
"2128",46.20222,6.14569,1
"2129",46.2052,7.3108,2
"2130",46.23229,-74.55314,1
"2131",46.23341,-62.96538,1
"2132",46.2454,-119.19617,1
"2133",46.25,15.16667,2
"2134",46.25024,-94.25055,6
"2135",46.25355,-110.56548,2
"2136",46.273,9.16957,1
"2137",46.31836,-72.56632,1
"2138",46.36667,24.41667,3
"2139",46.3667,18.05,3
"2140",46.47747,30.73262,1
"2141",46.49272,11.33358,1
"2142",46.5001,-65.99878,2
"2143",46.516,6.63282,1
"2144",46.53918,-102.86822,1
"2145",46.54746,-93.67691,1
"2146",46.58333,0.33333,1
"2147",46.60824,-94.310592,1
"2148",46.609,13.85136,1
"2149",46.61667,0.48333,1
"2150",46.620029,-92.555109,1
"2151",46.63333,5.21667,1
"2152",46.66667,-1.33333,1
"2153",46.73336,-72.4324,1
"2154",46.7525,28.03722,1
"2155",46.8,18.9333,3
"2156",46.81228,-71.21454,6
"2157",46.86163,-92.612251,1
"2158",46.87719,-96.7898,1
"2159",46.927094,-96.834703,3
"2160",46.9333,20.8333,2
"2161",46.9656,8.5735,1
"2162",46.984767,-122.869079,2
"2163",47,20,2
"2164",47,29,1
"2165",47.00016,8.01427,3
"2166",47.00025,-109.75102,2
"2167",47.0139,15.92231,2
"2168",47.03282,-122.28504,1
"2169",47.06247,-109.42824,1
"2170",47.0977,-88.41318,5
"2171",47.16128,8.91103,1
"2172",47.16667,27.6,2
"2173",47.21725,-1.55336,4
"2174",47.25,17.15,1
"2175",47.27482,-122.76375,4
"2176",47.33333,8.16667,1
"2177",47.33333,13.33333,8
"2178",47.36667,8.55,3
"2179",47.389,8.0487,3
"2180",47.3917,-121.5708,1
"2181",47.40256,17.01959,1
"2182",47.4236,9.3622,1
"2183",47.42594,-111.292383,1
"2184",47.5,1.75,1
"2185",47.50012,-120.50147,7
"2186",47.53333,21.63333,1
"2187",47.551176,-98.804606,1
"2188",47.55162,-54.86155,1
"2189",47.589298,-122.384975,1
"2190",47.60621,-122.332071,20
"2191",47.60621,-122.33207,12
"2192",47.615471,-122.207221,1
"2193",47.62561,2.73267,2
"2194",47.65937,9.05736,1
"2195",47.65966,-117.42908,1
"2196",47.66264,-117.435997,2
"2197",47.6667,19.6833,4
"2198",47.678756,-122.121034,1
"2199",47.7167,19.0833,4
"2200",47.7167,19.1,1
"2201",47.719292,-116.96746,1
"2202",47.737279,-114.230256,1
"2203",47.75,7.33333,3
"2204",47.75,19.5,24
"2205",47.79941,13.04399,1
"2206",47.7999,-54.01483,1
"2207",47.80174,16.6721,1
"2208",47.82093,-122.315131,1
"2209",47.83057,19.96781,1
"2210",47.90289,1.90389,1
"2211",47.90966,33.38044,1
"2212",47.93237,-119.03808,1
"2213",47.97898,-122.20208,1
"2214",47.99569,0.19164,2
"2215",48,-3,1
"2216",48,0.2,2
"2217",48,7.33333,1
"2218",48,68,1
"2219",48,128,1
"2220",48.06667,16.25,1
"2221",48.084625,-101.419006,1
"2222",48.13743,11.57549,2
"2223",48.14816,17.10674,2
"2224",48.16667,14.3,1
"2225",48.17399,-122.52821,1
"2226",48.20849,16.37208,6
"2227",48.26667,13.8,1
"2228",48.28896,17.56472,1
"2229",48.32806,-103.15151,1
"2230",48.35,19.4166667,1
"2231",48.37062,7.5937,1
"2232",48.41095,-0.81267,1
"2233",48.41675,-71.06573,1
"2234",48.43294,-123.3693,1
"2235",48.48272,135.08379,2
"2236",48.5,2.5,2
"2237",48.5,7.5,1
"2238",48.5711,-97.17785,1
"2239",48.63323,-93.83363,1
"2240",48.68439,6.18496,1
"2241",48.69096,9.14062,5
"2242",48.73333,7.05,1
"2243",48.75955,-122.48822,1
"2244",48.76508,11.42372,1
"2245",48.78232,9.17702,1
"2246",48.78333,1.86667,1
"2247",48.85341,2.3488,47
"2248",48.87555,-65.4071,1
"2249",48.9,2.08333,1
"2250",48.91667,2.5,2
"2251",49,11.5,2
"2252",49,32,9
"2253",49.16638,-121.95257,1
"2254",49.18912,9.22528,1
"2255",49.19522,16.60796,2
"2256",49.20666,-1.04799,6
"2257",49.21667,-2.11667,2
"2258",49.24966,-123.11934,16
"2259",49.25,-123.133333,1
"2260",49.25014,-84.49983,11
"2261",49.31636,-123.06934,1
"2262",49.41794,2.82606,1
"2263",49.44313,1.09932,1
"2264",49.58333,-2.33333,1
"2265",49.6,6.13333,1
"2266",49.61744,0.75814,1
"2267",49.68866,21.77058,2
"2268",49.75,6.16667,4
"2269",49.75,15,6
"2270",49.75,20.5,1
"2271",49.8,5.9,1
"2272",49.83465,18.28204,1
"2273",49.8844,-97.14704,3
"2274",50,3.5,1
"2275",50.04132,21.99901,3
"2276",50.04606,1.42079,1
"2277",50.06143,19.93658,1
"2278",50.08804,14.42076,4
"2279",50.11035,8.67185,1
"2280",50.20417,-4.79167,1
"2281",50.21667,8.98333,1
"2282",50.25,19,2
"2283",50.25842,19.02754,1
"2284",50.304,1.64448,7
"2285",50.323,4.38844,2
"2286",50.33333,3.66667,4
"2287",50.3712779,-4.1424595,1
"2288",50.45,13.6167,2
"2289",50.45466,30.5238,4
"2290",50.4669,4.86746,1
"2291",50.5,18,3
"2292",50.58333,3.06667,1
"2293",50.63297,3.05858,6
"2294",50.63373,5.56749,2
"2295",50.6868972,-2.1098377,1
"2296",50.69075,16.623,1
"2297",50.69421,3.17456,1
"2298",50.69836,17.38449,3
"2299",50.720157,-1.8747048,2
"2300",50.7257539,-3.5300602,1
"2301",50.75,-3.75,3
"2302",50.75,-2.33333,2
"2303",50.77141,0.10268,1
"2304",50.8065249,-1.0744016,2
"2305",50.81448,-0.37126,1
"2306",50.8288134,-0.1473061,2
"2307",50.8333,4,1
"2308",50.83333,4,13
"2309",50.85045,4.34878,3
"2310",50.88051,34.71408,1
"2311",50.8936478,-1.4532336,1
"2312",50.9035305,-1.4041996,1
"2313",50.91667,0.33333,1
"2314",50.93333,6.95,3
"2315",50.94083,5.79722,1
"2316",50.9757,3.19736,1
"2317",50.9784363,-3.2275154,1
"2318",51,9,1
"2319",51,13.25,1
"2320",51,16.5,1
"2321",51.0150449,-3.1029619,1
"2322",51.0386103,-2.2769152,1
"2323",51.04408,5.62586,3
"2324",51.05011,-114.08529,12
"2325",51.06513,-1.3187,1
"2326",51.06513,5.08856,1
"2327",51.083333,-3,2
"2328",51.1,11.05,1
"2329",51.21581,-0.5658,1
"2330",51.21989,4.40346,1
"2331",51.2216,6.7898,1
"2332",51.22492,6.77425,1
"2333",51.23142,-1.66324,1
"2334",51.2316107,-0.3756192,1
"2335",51.232113,-0.3247823,2
"2336",51.2455894,1.1252825,1
"2337",51.2474823,0.7105077,2
"2338",51.25,-1.916667,1
"2339",51.25,22.56667,3
"2340",51.32997,-0.4113,1
"2341",51.3305,-0.27011,1
"2342",51.3344829,1.4227153,1
"2343",51.33962,12.37129,2
"2344",51.3397366,0.7342319,1
"2345",51.34128,0.73282,1
"2346",51.37664,-0.10574,1
"2347",51.38132,1.38617,1
"2348",51.4,-0.5,2
"2349",51.41363,-0.75054,1
"2350",51.433,-1.075,2
"2351",51.4375851,-0.3160502,1
"2352",51.43838,-2.60007,1
"2353",51.45,1,3
"2354",51.45523,-2.59665,6
"2355",51.4580216,-0.9673727,3
"2356",51.4586774,-0.3032096,1
"2357",51.46291,0.13943,1
"2358",51.48,-3.18,4
"2359",51.4806592,-0.1968119,1
"2360",51.483,11.972,2
"2361",51.4841856,0.0048337,1
"2362",51.5,-1.25,1
"2363",51.5,10.5,24
"2364",51.5072648,-0.1278328,183
"2365",51.5080347,-0.1096808,1
"2366",51.50807,-0.09651,1
"2367",51.50853,-0.12574,7
"2368",51.5163166,-0.1548994,1
"2369",51.52322,-0.15778,2
"2370",51.5344951,-0.1051635,1
"2371",51.53544,-0.08841,1
"2372",51.5392776,-0.1432419,1
"2373",51.54056,46.00861,1
"2374",51.544795,0.63063,1
"2375",51.56447,-1.77112,1
"2376",51.56583,4.725,1
"2377",51.5897103,-0.0715296,1
"2378",51.59584,18.73023,3
"2379",51.627422,-0.7484153,1
"2380",51.6414188,-1.8579414,1
"2381",51.67204,39.1843,1
"2382",51.75,-0.75,1
"2383",51.75,-0.33333,1
"2384",51.75,19.5,1
"2385",51.75222,-1.25596,2
"2386",51.76109,18.09102,1
"2387",51.7691305,0.0932203,1
"2388",51.7816441,0.3665169,9
"2389",51.79588,-0.07854,1
"2390",51.79694,-2.0747,1
"2391",51.80652,68.35996,1
"2392",51.81665,-0.81458,1
"2393",51.83333,-0.25,3
"2394",51.89797,-8.47061,4
"2395",51.89973,-125.8531,1
"2396",51.9035099,-0.2013368,1
"2397",51.9225,4.47917,2
"2398",51.93548,15.50643,1
"2399",51.96236,7.62571,1
"2400",52,5.83333,1
"2401",52,10,1
"2402",52,20,110
"2403",52.0429797,-0.7589607,2
"2404",52.082,20.00781,2
"2405",52.1277704,-0.0813098,2
"2406",52.15077,9.95112,1
"2407",52.16045,-0.70312,58
"2408",52.16667,-9.75,1
"2409",52.16667,-2.16667,1
"2410",52.2033051,0.124862,1
"2411",52.2195,-3.93295,2
"2412",52.22977,21.01178,6
"2413",52.243851,0.4088225,1
"2414",52.24751,15.53355,6
"2415",52.25,15.25,1
"2416",52.25,17,1
"2417",52.25,21,6
"2418",52.26682,-113.802,1
"2419",52.27806,10.90833,1
"2420",52.29778,104.29639,1
"2421",52.3025,4.68889,2
"2422",52.330324,-0.1150244,1
"2423",52.33333,-1.58333,1
"2424",52.33333,0.08333,1
"2425",52.33333,8.75,1
"2426",52.37403,4.88969,1
"2427",52.3808,4.6368,1
"2428",52.38084,4.63683,1
"2429",52.3994233,-0.728004,2
"2430",52.4080477,-1.5113334,2
"2431",52.4130189,-1.7768935,1
"2432",52.4483393,-2.2318518,1
"2433",52.44889,9.74,4
"2434",52.4633048,-1.4813229,1
"2435",52.47306,-8.43056,1
"2436",52.4813678,-1.8980725,13
"2437",52.48142,-1.89983,1
"2438",52.49637,-0.68939,1
"2439",52.5,-6.66667,1
"2440",52.5,-3.5,3
"2441",52.5,-1.96667,2
"2442",52.5,5.75,18
"2443",52.5,13.41667,1
"2444",52.52323,-1.46523,1
"2445",52.5233,13.41377,12
"2446",52.53333,5.66667,1
"2447",52.5843037,-2.0449291,1
"2448",52.62783,1.29834,4
"2449",52.63399,-1.69587,1
"2450",52.66472,-8.62306,1
"2451",52.66667,-1,7
"2452",52.66917,5.11806,1
"2453",52.67659,-2.44926,1
"2454",52.71009,-2.75208,1
"2455",52.73317,-122.45286,1
"2456",52.73679,15.22878,1
"2457",52.75,-1.5,1
"2458",52.76667,20.2,1
"2459",52.7681713,-0.3772072,1
"2460",52.7692871,-1.2233495,1
"2461",52.83333,-2,1
"2462",52.86799,-1.20558,2
"2463",52.9212617,-1.4761491,3
"2464",53,-8,15
"2465",53,28,3
"2466",53.0162014,-2.1812607,1
"2467",53.166667,-2.583333,2
"2468",53.16667,-7.02121,3
"2469",53.16667,-2.58333,3
"2470",53.16667,-1.58333,1
"2471",53.16667,-1,2
"2472",53.16667,-0.25,1
"2473",53.22368,6.56479,1
"2474",53.25,-1.41667,1
"2475",53.2606635,-2.1255158,1
"2476",53.27787,16.47122,1
"2477",53.2789347,-2.9022507,1
"2478",53.2904364,-3.7086755,1
"2479",53.31679,-105.5343,1
"2480",53.33306,-6.24889,3
"2481",53.3418732,-1.2789459,9
"2482",53.36056,83.76361,1
"2483",53.38046,-6.27113,6
"2484",53.3856729,-1.4528791,2
"2485",53.4054719,-2.9805393,9
"2486",53.4077455,-2.1601108,1
"2487",53.41058,-2.97794,1
"2488",53.41861,59.04722,1
"2489",53.42894,14.55302,1
"2490",53.45,-2.23333,1
"2491",53.45,-1.25,1
"2492",53.48095,-2.23743,17
"2493",53.48333,-2.65,1
"2494",53.48333,-2.51667,1
"2495",53.48339,-104.16762,1
"2496",53.5,15.5,3
"2497",53.52327,-1.13691,7
"2498",53.53056,15.80967,3
"2499",53.53333,-7.35,2
"2500",53.55014,-113.46871,1
"2501",53.5672024,-2.8853292,1
"2502",53.57532,10.01534,3
"2503",53.577694,-2.4288874,2
"2504",53.59601,19.56849,1
"2505",53.6,-2.5,2
"2506",53.6884,23.8258,1
"2507",53.706409,-0.8799347,1
"2508",53.72922,20.56641,1
"2509",53.7446,-0.33525,2
"2510",53.76667,-2.71667,2
"2511",53.7900308,-2.2433543,1
"2512",53.79648,-1.54785,1
"2513",53.7974185,-1.5437941,9
"2514",53.8031679,-3.0429265,5
"2515",53.833333,-2.5,2
"2516",53.9,27.56667,4
"2517",53.9593817,-1.0814175,3
"2518",53.99983,-125.0032,4
"2519",54,-2,5
"2520",54,-1.5,1
"2521",54.11667,-3.23333,2
"2522",54.1368788,-1.5213194,1
"2523",54.14306,-9.74028,1
"2524",54.15035,11.75994,2
"2525",54.1522,19.40884,1
"2526",54.19438,16.17222,2
"2527",54.32681,-2.74757,2
"2528",54.32824,48.38657,1
"2529",54.33333,-5.75,6
"2530",54.35,-6.66667,1
"2531",54.35205,18.64637,3
"2532",54.5,-6.5,3
"2533",54.525,-1.189,1
"2534",54.58333,-5.93333,3
"2535",54.583333,-2.833333,1
"2536",54.666667,-1.75,1
"2537",54.68916,25.2798,1
"2538",54.75844,-2.69531,78
"2539",54.7763893,-1.5758691,1
"2540",54.900404,-2.9311426,1
"2541",54.9063791,-1.375053,1
"2542",54.91667,-8,1
"2543",54.91667,-6.91667,1
"2544",54.9540896,-1.6056016,2
"2545",54.97328,-1.61396,7
"2546",54.99244,73.36859,1
"2547",55.00019,-97.00049,3
"2548",55.1717715,-1.686301,1
"2549",55.2423907,-4.856007,1
"2550",55.39594,10.38831,1
"2551",55.4879,28.7856,1
"2552",55.60587,13.00073,1
"2553",55.75,37.5,2
"2554",55.75222,37.61556,1
"2555",55.7554205,-4.6862454,1
"2556",55.78924,-3.99187,1
"2557",55.84944,-133.22778,1
"2558",55.861147,-4.2499891,16
"2559",55.86515,-4.25763,1
"2560",55.86861,37.12222,1
"2561",55.86934,12.55159,1
"2562",55.90137,-4.4057,1
"2563",55.90288,-3.52261,1
"2564",55.9483399,-3.1932723,9
"2565",55.95206,-3.19648,1
"2566",55.9528614,-3.2176124,1
"2567",56,-4,13
"2568",56,10,3
"2569",56,13.2833,1
"2570",56.01839,92.86717,1
"2571",56.0322911,-3.3955455,1
"2572",56.1134536,-3.1646819,1
"2573",56.13655,40.39658,1
"2574",56.2033706,-3.4214864,1
"2575",56.2773,14.534,1
"2576",56.3191126,-3.0125257,1
"2577",56.49903,25.85735,2
"2578",56.7039627,-3.7331576,1
"2579",56.86049,35.87603,1
"2580",57,11,1
"2581",57.05,18.2667,26
"2582",57.14369,-2.09814,3
"2583",57.1701,15.3443,2
"2584",57.24389,60.08389,1
"2585",57.35,15.9333,1
"2586",57.45,25.98333,2
"2587",57.55271,-3.46798,1
"2588",57.70716,11.96679,5
"2589",58.01741,56.28552,1
"2590",58.3,6.91667,2
"2591",58.373561,-134.523946,1
"2592",58.38062,26.72509,1
"2593",58.4384988,-3.0884177,1
"2594",58.7519,43.0203,2
"2595",59,26,2
"2596",59.11851,-2.60954,3
"2597",59.33258,18.0649,6
"2598",59.35056,10.24763,2
"2599",59.43696,24.75353,2
"2600",59.5072,13.3139,2
"2601",59.75799,18.70496,1
"2602",59.8,15.55,2
"2603",59.8585,17.64543,1
"2604",59.89444,30.26417,6
"2605",59.91273,10.74609,3
"2606",60,-95,1
"2607",60,100,13
"2608",60.10867,-113.64258,27
"2609",60.16952,24.93545,1
"2610",60.39299,5.32415,1
"2611",60.41667,-151.25056,2
"2612",60.45148,22.26869,1
"2613",60.5089,14.2246,18
"2614",60.67452,17.14174,1
"2615",61.25,73.41667,6
"2616",61.584292,-149.104787,1
"2617",61.75,27.83333,1
"2618",62,-7,1
"2619",62,10,3
"2620",62,15,9
"2621",62.1833,-6.7333,1
"2622",62.2833,-6.6667,1
"2623",62.52495,15.65904,1
"2624",63,27.5,1
"2625",63.44582,10.90093,19
"2626",63.68336,147.14014,1
"2627",63.85,-21.3667,1
"2628",64,26,1
"2629",64.00028,-150.00028,2
"2630",64.13548,-21.89541,2
"2631",65,-18,15
"2632",65.3,25.61667,1
"2633",69.12806,15.8575,1
"2634",69.65,18.9,3
"2635",70.23952,22.35136,1
"2636",72,-40,1
